{
    "variables": {
      "disk_size": "15375",
      "iso_url": "http://download.proxmox.com/iso/proxmox-ve_6.3-1.iso",
      "iso_checksum": "sha256:5a1becb95ebc48e6eafeb9fa704d1025b8c35dfa1ba28c533dc2ebf15d0a039b"
    },
    "builders": [
      {
        "name": "proxmox-ve-amd64-libvirt",
        "type": "qemu",
        "accelerator": "kvm",
        "cpus": 2,
        "memory": 2048,
        "qemuargs": [
          ["-cpu", "host"]
        ],
        "headless": true,
        "http_directory": ".",
        "format": "qcow2",
        "disk_size": "{{user `disk_size`}}",
        "disk_interface": "virtio-scsi",
        "disk_discard": "unmap",
        "iso_url": "{{user `iso_url`}}",
        "iso_checksum": "{{user `iso_checksum`}}",
        "iso_checksum_type": "{{user `iso_checksum_type`}}",
        "ssh_username": "root",
        "ssh_password": "vagrant",
        "ssh_timeout": "60m",
        "boot_wait": "5s",
        "boot_command": [
          "<enter>",
          "<wait10><wait10><wait10><wait10><wait10>",
          "<enter><wait>",
          "<enter><wait>",
          "United S<wait>t<wait>a<wait>t<wait>e<wait>s<wait><enter><wait><tab><wait>",
          "<tab><wait>",
          "<tab><wait>",
          "<tab><wait>",
          "<enter><wait5>",
          "vagrant<tab><wait>",
          "vagrant<tab><wait>",
          "pve@example.com<tab><wait>",
          "<tab><wait>",
          "<enter><wait5>",
          "pve.example.com<tab><wait>",
          "<tab><wait>",
          "<tab><wait>",
          "<tab><wait>",
          "<tab><wait>",
          "<tab><wait>",
          "<enter><wait5>",
          "<enter><wait5>",
          "<wait10><wait10><wait10><wait10><wait10><wait10>",
          "<wait10><wait10><wait10><wait10><wait10><wait10>",
          "<wait10><wait10><wait10><wait10><wait10><wait10>",
          "<wait10><wait10><wait10><wait10><wait10><wait10>",
          "<enter>"
        ],
        "shutdown_command": "poweroff"
      },
      {
        "name": "proxmox-ve-amd64-virtualbox",
        "type": "virtualbox-iso",
        "guest_os_type": "Debian_64",
        "guest_additions_mode": "attach",
        "headless": true,
        "vboxmanage": [
          ["modifyvm", "{{.Name}}", "--memory", "2048"],
          ["modifyvm", "{{.Name}}", "--cpus", "2"],
          ["modifyvm", "{{.Name}}", "--vram", "16"],
          ["modifyvm", "{{.Name}}", "--graphicscontroller", "vmsvga"],
          ["modifyvm", "{{.Name}}", "--audio", "none"],
          ["modifyvm", "{{.Name}}", "--nictype1", "82540EM"],
          ["modifyvm", "{{.Name}}", "--nictype2", "82540EM"],
          ["modifyvm", "{{.Name}}", "--nictype3", "82540EM"],
          ["modifyvm", "{{.Name}}", "--nictype4", "82540EM"]
        ],
        "vboxmanage_post": [
          ["storagectl", "{{.Name}}", "--name", "IDE Controller", "--remove"]
        ],
        "disk_size": "{{user `disk_size`}}",
        "hard_drive_interface": "sata",
        "hard_drive_discard": true,
        "iso_url": "{{user `iso_url`}}",
        "iso_checksum": "{{user `iso_checksum`}}",
        "ssh_username": "root",
        "ssh_password": "vagrant",
        "ssh_timeout": "60m",
        "boot_wait": "5s",
        "boot_command": [
          "<enter>",
          "<wait10><wait10><wait10><wait10><wait10>",
          "<enter><wait>",
          "<enter><wait>",
          "<enter><wait>",
          "United S<wait>t<wait>a<wait>t<wait>e<wait>s<wait><enter><wait><tab><wait>",
          "<tab><wait>",
          "<tab><wait>",
          "<tab><wait>",
          "<enter><wait5>",
          "vagrant<tab><wait>",
          "vagrant<tab><wait>",
          "pve@example.com<tab><wait>",
          "<tab><wait>",
          "<enter><wait5>",
          "pve.example.com<tab><wait>",
          "<tab><wait>",
          "<tab><wait>",
          "<tab><wait>",
          "<tab><wait>",
          "<tab><wait>",
          "<enter><wait5>",
          "<enter><wait5>",
          "<wait10><wait10><wait10><wait10><wait10><wait10>",
          "<wait10><wait10><wait10><wait10><wait10><wait10>",
          "<wait10><wait10><wait10><wait10><wait10><wait10>",
          "<wait10><wait10><wait10><wait10><wait10><wait10>",
          "<enter>"
        ],
        "shutdown_command": "poweroff"
      }
    ],
    "provisioners": [
      {
        "type": "shell",
        "expect_disconnect": true,
        "scripts": [
          "upgrade.sh",
          "provision.sh"
        ]
      }
    ],
    "post-processors": [
      {
        "type": "vagrant",
        "output": "output/{{.BuildName}}.box"
      }
    ]
  }